center,left,right,steering,throttle,brake,speed
.\IMG\center_2023_05_14_13_49_34_535.jpg,.\IMG\left_2023_05_14_13_49_34_535.jpg,.\IMG\right_2023_05_14_13_49_34_535.jpg,0,0,0,1.13E-05
.\IMG\center_2023_05_14_13_49_34_606.jpg,.\IMG\left_2023_05_14_13_49_34_606.jpg,.\IMG\right_2023_05_14_13_49_34_606.jpg,0,0,0,1.92E-05
.\IMG\center_2023_05_14_13_49_34_675.jpg,.\IMG\left_2023_05_14_13_49_34_675.jpg,.\IMG\right_2023_05_14_13_49_34_675.jpg,0,0,0,1.25E-05
.\IMG\center_2023_05_14_13_49_34_748.jpg,.\IMG\left_2023_05_14_13_49_34_748.jpg,.\IMG\right_2023_05_14_13_49_34_748.jpg,0,0,0,1.26E-05
.\IMG\center_2023_05_14_13_49_34_816.jpg,.\IMG\left_2023_05_14_13_49_34_816.jpg,.\IMG\right_2023_05_14_13_49_34_816.jpg,0,0,0,1.63E-05
.\IMG\center_2023_05_14_13_49_34_884.jpg,.\IMG\left_2023_05_14_13_49_34_884.jpg,.\IMG\right_2023_05_14_13_49_34_884.jpg,0,0,0,3.80E-07
.\IMG\center_2023_05_14_13_49_34_951.jpg,.\IMG\left_2023_05_14_13_49_34_951.jpg,.\IMG\right_2023_05_14_13_49_34_951.jpg,0,0,0,4.86E-06
.\IMG\center_2023_05_14_13_49_35_022.jpg,.\IMG\left_2023_05_14_13_49_35_022.jpg,.\IMG\right_2023_05_14_13_49_35_022.jpg,0,0,0,8.25E-06
.\IMG\center_2023_05_14_13_49_35_090.jpg,.\IMG\left_2023_05_14_13_49_35_090.jpg,.\IMG\right_2023_05_14_13_49_35_090.jpg,0,0,0,3.93E-06
.\IMG\center_2023_05_14_13_49_35_157.jpg,.\IMG\left_2023_05_14_13_49_35_157.jpg,.\IMG\right_2023_05_14_13_49_35_157.jpg,0,0,0,9.02E-06
.\IMG\center_2023_05_14_13_49_35_225.jpg,.\IMG\left_2023_05_14_13_49_35_225.jpg,.\IMG\right_2023_05_14_13_49_35_225.jpg,0,0.0364707,0,0.02167526
.\IMG\center_2023_05_14_13_49_35_295.jpg,.\IMG\left_2023_05_14_13_49_35_295.jpg,.\IMG\right_2023_05_14_13_49_35_295.jpg,0,0.2268642,0,0.1228252
.\IMG\center_2023_05_14_13_49_35_362.jpg,.\IMG\left_2023_05_14_13_49_35_362.jpg,.\IMG\right_2023_05_14_13_49_35_362.jpg,0,0.4113609,0,0.3786363
.\IMG\center_2023_05_14_13_49_35_430.jpg,.\IMG\left_2023_05_14_13_49_35_430.jpg,.\IMG\right_2023_05_14_13_49_35_430.jpg,0,0.6510765,0,0.8545398
.\IMG\center_2023_05_14_13_49_35_499.jpg,.\IMG\left_2023_05_14_13_49_35_499.jpg,.\IMG\right_2023_05_14_13_49_35_499.jpg,0,0.8226249,0,1.40215
.\IMG\center_2023_05_14_13_49_35_570.jpg,.\IMG\left_2023_05_14_13_49_35_570.jpg,.\IMG\right_2023_05_14_13_49_35_570.jpg,0,1,0,2.353735
.\IMG\center_2023_05_14_13_49_35_639.jpg,.\IMG\left_2023_05_14_13_49_35_639.jpg,.\IMG\right_2023_05_14_13_49_35_639.jpg,0,1,0,3.056643
.\IMG\center_2023_05_14_13_49_35_709.jpg,.\IMG\left_2023_05_14_13_49_35_709.jpg,.\IMG\right_2023_05_14_13_49_35_709.jpg,0,1,0,4.000662
.\IMG\center_2023_05_14_13_49_35_781.jpg,.\IMG\left_2023_05_14_13_49_35_781.jpg,.\IMG\right_2023_05_14_13_49_35_781.jpg,0,1,0,4.701796
.\IMG\center_2023_05_14_13_49_35_847.jpg,.\IMG\left_2023_05_14_13_49_35_847.jpg,.\IMG\right_2023_05_14_13_49_35_847.jpg,-0.2,1,0,5.622785
.\IMG\center_2023_05_14_13_49_35_917.jpg,.\IMG\left_2023_05_14_13_49_35_917.jpg,.\IMG\right_2023_05_14_13_49_35_917.jpg,0,1,0,6.300243
.\IMG\center_2023_05_14_13_49_35_988.jpg,.\IMG\left_2023_05_14_13_49_35_988.jpg,.\IMG\right_2023_05_14_13_49_35_988.jpg,0,1,0,7.212706
.\IMG\center_2023_05_14_13_49_36_059.jpg,.\IMG\left_2023_05_14_13_49_36_059.jpg,.\IMG\right_2023_05_14_13_49_36_059.jpg,0,1,0,7.894648
.\IMG\center_2023_05_14_13_49_36_129.jpg,.\IMG\left_2023_05_14_13_49_36_129.jpg,.\IMG\right_2023_05_14_13_49_36_129.jpg,0,1,0,8.797887
.\IMG\center_2023_05_14_13_49_36_200.jpg,.\IMG\left_2023_05_14_13_49_36_200.jpg,.\IMG\right_2023_05_14_13_49_36_200.jpg,-0.15,1,0,9.465281
.\IMG\center_2023_05_14_13_49_36_268.jpg,.\IMG\left_2023_05_14_13_49_36_268.jpg,.\IMG\right_2023_05_14_13_49_36_268.jpg,-0.35,1,0,10.3244
.\IMG\center_2023_05_14_13_49_36_340.jpg,.\IMG\left_2023_05_14_13_49_36_340.jpg,.\IMG\right_2023_05_14_13_49_36_340.jpg,-0.5000001,1,0,10.94353
.\IMG\center_2023_05_14_13_49_36_410.jpg,.\IMG\left_2023_05_14_13_49_36_410.jpg,.\IMG\right_2023_05_14_13_49_36_410.jpg,-0.7,1,0,11.56468
.\IMG\center_2023_05_14_13_49_36_476.jpg,.\IMG\left_2023_05_14_13_49_36_476.jpg,.\IMG\right_2023_05_14_13_49_36_476.jpg,0,1,0,12.37208
.\IMG\center_2023_05_14_13_49_36_548.jpg,.\IMG\left_2023_05_14_13_49_36_548.jpg,.\IMG\right_2023_05_14_13_49_36_548.jpg,0,0.8566483,0,13.15839
.\IMG\center_2023_05_14_13_49_36_619.jpg,.\IMG\left_2023_05_14_13_49_36_619.jpg,.\IMG\right_2023_05_14_13_49_36_619.jpg,0,0.6819688,0,13.45609
.\IMG\center_2023_05_14_13_49_36_690.jpg,.\IMG\left_2023_05_14_13_49_36_690.jpg,.\IMG\right_2023_05_14_13_49_36_690.jpg,0,0.9303144,0,14.05047
.\IMG\center_2023_05_14_13_49_36_761.jpg,.\IMG\left_2023_05_14_13_49_36_761.jpg,.\IMG\right_2023_05_14_13_49_36_761.jpg,0,1,0,14.93279
.\IMG\center_2023_05_14_13_49_36_833.jpg,.\IMG\left_2023_05_14_13_49_36_833.jpg,.\IMG\right_2023_05_14_13_49_36_833.jpg,0,1,0,15.78123
.\IMG\center_2023_05_14_13_49_36_903.jpg,.\IMG\left_2023_05_14_13_49_36_903.jpg,.\IMG\right_2023_05_14_13_49_36_903.jpg,0,1,0,16.25876
.\IMG\center_2023_05_14_13_49_36_975.jpg,.\IMG\left_2023_05_14_13_49_36_975.jpg,.\IMG\right_2023_05_14_13_49_36_975.jpg,0,1,0,17.10047
.\IMG\center_2023_05_14_13_49_37_045.jpg,.\IMG\left_2023_05_14_13_49_37_045.jpg,.\IMG\right_2023_05_14_13_49_37_045.jpg,-0.1,1,0,17.91722
.\IMG\center_2023_05_14_13_49_37_116.jpg,.\IMG\left_2023_05_14_13_49_37_116.jpg,.\IMG\right_2023_05_14_13_49_37_116.jpg,-0.25,1,0,18.67663
.\IMG\center_2023_05_14_13_49_37_185.jpg,.\IMG\left_2023_05_14_13_49_37_185.jpg,.\IMG\right_2023_05_14_13_49_37_185.jpg,-0.45,1,0,19.39905
.\IMG\center_2023_05_14_13_49_37_256.jpg,.\IMG\left_2023_05_14_13_49_37_256.jpg,.\IMG\right_2023_05_14_13_49_37_256.jpg,0,1,0,19.84099
.\IMG\center_2023_05_14_13_49_37_327.jpg,.\IMG\left_2023_05_14_13_49_37_327.jpg,.\IMG\right_2023_05_14_13_49_37_327.jpg,0,1,0,20.64706
.\IMG\center_2023_05_14_13_49_37_396.jpg,.\IMG\left_2023_05_14_13_49_37_396.jpg,.\IMG\right_2023_05_14_13_49_37_396.jpg,-0.05,1,0,21.32624
.\IMG\center_2023_05_14_13_49_37_466.jpg,.\IMG\left_2023_05_14_13_49_37_466.jpg,.\IMG\right_2023_05_14_13_49_37_466.jpg,-0.25,1,0,22.09029
.\IMG\center_2023_05_14_13_49_37_538.jpg,.\IMG\left_2023_05_14_13_49_37_538.jpg,.\IMG\right_2023_05_14_13_49_37_538.jpg,-0.4,1,0,22.5926
.\IMG\center_2023_05_14_13_49_37_611.jpg,.\IMG\left_2023_05_14_13_49_37_611.jpg,.\IMG\right_2023_05_14_13_49_37_611.jpg,-0.6000001,1,0,23.2439
.\IMG\center_2023_05_14_13_49_37_684.jpg,.\IMG\left_2023_05_14_13_49_37_684.jpg,.\IMG\right_2023_05_14_13_49_37_684.jpg,-0.7500002,1,0,23.68164
.\IMG\center_2023_05_14_13_49_37_753.jpg,.\IMG\left_2023_05_14_13_49_37_753.jpg,.\IMG\right_2023_05_14_13_49_37_753.jpg,-0.9500002,1,0,24.18069
.\IMG\center_2023_05_14_13_49_37_822.jpg,.\IMG\left_2023_05_14_13_49_37_822.jpg,.\IMG\right_2023_05_14_13_49_37_822.jpg,0,1,0,24.61115
.\IMG\center_2023_05_14_13_49_37_889.jpg,.\IMG\left_2023_05_14_13_49_37_889.jpg,.\IMG\right_2023_05_14_13_49_37_889.jpg,0,1,0,25.2963
.\IMG\center_2023_05_14_13_49_37_958.jpg,.\IMG\left_2023_05_14_13_49_37_958.jpg,.\IMG\right_2023_05_14_13_49_37_958.jpg,0,1,0,25.84984
.\IMG\center_2023_05_14_13_49_38_028.jpg,.\IMG\left_2023_05_14_13_49_38_028.jpg,.\IMG\right_2023_05_14_13_49_38_028.jpg,0,1,0,26.60186
.\IMG\center_2023_05_14_13_49_38_097.jpg,.\IMG\left_2023_05_14_13_49_38_097.jpg,.\IMG\right_2023_05_14_13_49_38_097.jpg,0,1,0,27.16624
.\IMG\center_2023_05_14_13_49_38_167.jpg,.\IMG\left_2023_05_14_13_49_38_167.jpg,.\IMG\right_2023_05_14_13_49_38_167.jpg,0.2,1,0,27.88891
.\IMG\center_2023_05_14_13_49_38_236.jpg,.\IMG\left_2023_05_14_13_49_38_236.jpg,.\IMG\right_2023_05_14_13_49_38_236.jpg,0,1,0,28.44376
.\IMG\center_2023_05_14_13_49_38_305.jpg,.\IMG\left_2023_05_14_13_49_38_305.jpg,.\IMG\right_2023_05_14_13_49_38_305.jpg,0,1,0,29.1822
.\IMG\center_2023_05_14_13_49_38_373.jpg,.\IMG\left_2023_05_14_13_49_38_373.jpg,.\IMG\right_2023_05_14_13_49_38_373.jpg,0,1,0,29.7318
.\IMG\center_2023_05_14_13_49_38_449.jpg,.\IMG\left_2023_05_14_13_49_38_449.jpg,.\IMG\right_2023_05_14_13_49_38_449.jpg,0,1,0,30.19092
.\IMG\center_2023_05_14_13_49_38_516.jpg,.\IMG\left_2023_05_14_13_49_38_516.jpg,.\IMG\right_2023_05_14_13_49_38_516.jpg,-0.05,1,0,30.18961
.\IMG\center_2023_05_14_13_49_38_589.jpg,.\IMG\left_2023_05_14_13_49_38_589.jpg,.\IMG\right_2023_05_14_13_49_38_589.jpg,-0.25,1,0,30.17429
.\IMG\center_2023_05_14_13_49_38_654.jpg,.\IMG\left_2023_05_14_13_49_38_654.jpg,.\IMG\right_2023_05_14_13_49_38_654.jpg,0,1,0,30.19094
.\IMG\center_2023_05_14_13_49_38_725.jpg,.\IMG\left_2023_05_14_13_49_38_725.jpg,.\IMG\right_2023_05_14_13_49_38_725.jpg,0,1,0,30.19004
.\IMG\center_2023_05_14_13_49_38_793.jpg,.\IMG\left_2023_05_14_13_49_38_793.jpg,.\IMG\right_2023_05_14_13_49_38_793.jpg,0,1,0,30.19022
.\IMG\center_2023_05_14_13_49_38_866.jpg,.\IMG\left_2023_05_14_13_49_38_866.jpg,.\IMG\right_2023_05_14_13_49_38_866.jpg,0,1,0,30.1903
.\IMG\center_2023_05_14_13_49_38_938.jpg,.\IMG\left_2023_05_14_13_49_38_938.jpg,.\IMG\right_2023_05_14_13_49_38_938.jpg,-0.05,1,0,30.18987
.\IMG\center_2023_05_14_13_49_39_005.jpg,.\IMG\left_2023_05_14_13_49_39_005.jpg,.\IMG\right_2023_05_14_13_49_39_005.jpg,-0.25,1,0,30.17534
.\IMG\center_2023_05_14_13_49_39_071.jpg,.\IMG\left_2023_05_14_13_49_39_071.jpg,.\IMG\right_2023_05_14_13_49_39_071.jpg,-0.4,1,0,30.1579
.\IMG\center_2023_05_14_13_49_39_140.jpg,.\IMG\left_2023_05_14_13_49_39_140.jpg,.\IMG\right_2023_05_14_13_49_39_140.jpg,-0.5500001,1,0,30.13958
.\IMG\center_2023_05_14_13_49_39_214.jpg,.\IMG\left_2023_05_14_13_49_39_214.jpg,.\IMG\right_2023_05_14_13_49_39_214.jpg,0,1,0,30.17756
.\IMG\center_2023_05_14_13_49_39_285.jpg,.\IMG\left_2023_05_14_13_49_39_285.jpg,.\IMG\right_2023_05_14_13_49_39_285.jpg,0,1,0,30.18735
.\IMG\center_2023_05_14_13_49_39_357.jpg,.\IMG\left_2023_05_14_13_49_39_357.jpg,.\IMG\right_2023_05_14_13_49_39_357.jpg,0,1,0,30.18954
.\IMG\center_2023_05_14_13_49_39_428.jpg,.\IMG\left_2023_05_14_13_49_39_428.jpg,.\IMG\right_2023_05_14_13_49_39_428.jpg,0,1,0,30.19022
.\IMG\center_2023_05_14_13_49_39_495.jpg,.\IMG\left_2023_05_14_13_49_39_495.jpg,.\IMG\right_2023_05_14_13_49_39_495.jpg,0,1,0,30.19028
.\IMG\center_2023_05_14_13_49_39_567.jpg,.\IMG\left_2023_05_14_13_49_39_567.jpg,.\IMG\right_2023_05_14_13_49_39_567.jpg,0,1,0,30.19031
.\IMG\center_2023_05_14_13_49_39_638.jpg,.\IMG\left_2023_05_14_13_49_39_638.jpg,.\IMG\right_2023_05_14_13_49_39_638.jpg,0,1,0,30.19034
.\IMG\center_2023_05_14_13_49_39_706.jpg,.\IMG\left_2023_05_14_13_49_39_706.jpg,.\IMG\right_2023_05_14_13_49_39_706.jpg,0,1,0,30.19028
.\IMG\center_2023_05_14_13_49_39_778.jpg,.\IMG\left_2023_05_14_13_49_39_778.jpg,.\IMG\right_2023_05_14_13_49_39_778.jpg,0,1,0,30.1903
.\IMG\center_2023_05_14_13_49_39_846.jpg,.\IMG\left_2023_05_14_13_49_39_846.jpg,.\IMG\right_2023_05_14_13_49_39_846.jpg,-0.2,1,0,30.18008
.\IMG\center_2023_05_14_13_49_39_915.jpg,.\IMG\left_2023_05_14_13_49_39_915.jpg,.\IMG\right_2023_05_14_13_49_39_915.jpg,0,1,0,30.1911
.\IMG\center_2023_05_14_13_49_39_983.jpg,.\IMG\left_2023_05_14_13_49_39_983.jpg,.\IMG\right_2023_05_14_13_49_39_983.jpg,0,1,0,30.19004
.\IMG\center_2023_05_14_13_49_40_053.jpg,.\IMG\left_2023_05_14_13_49_40_053.jpg,.\IMG\right_2023_05_14_13_49_40_053.jpg,0,1,0,30.18993
.\IMG\center_2023_05_14_13_49_40_121.jpg,.\IMG\left_2023_05_14_13_49_40_121.jpg,.\IMG\right_2023_05_14_13_49_40_121.jpg,0,1,0,30.19031
.\IMG\center_2023_05_14_13_49_40_190.jpg,.\IMG\left_2023_05_14_13_49_40_190.jpg,.\IMG\right_2023_05_14_13_49_40_190.jpg,-0.1,1,0,30.18803
.\IMG\center_2023_05_14_13_49_40_262.jpg,.\IMG\left_2023_05_14_13_49_40_262.jpg,.\IMG\right_2023_05_14_13_49_40_262.jpg,-0.25,1,0,30.17521
.\IMG\center_2023_05_14_13_49_40_330.jpg,.\IMG\left_2023_05_14_13_49_40_330.jpg,.\IMG\right_2023_05_14_13_49_40_330.jpg,-0.45,1,0,30.15183
.\IMG\center_2023_05_14_13_49_40_401.jpg,.\IMG\left_2023_05_14_13_49_40_401.jpg,.\IMG\right_2023_05_14_13_49_40_401.jpg,-0.6000001,1,0,30.13339
.\IMG\center_2023_05_14_13_49_40_471.jpg,.\IMG\left_2023_05_14_13_49_40_471.jpg,.\IMG\right_2023_05_14_13_49_40_471.jpg,-0.8000001,1,0,30.1103
.\IMG\center_2023_05_14_13_49_40_541.jpg,.\IMG\left_2023_05_14_13_49_40_541.jpg,.\IMG\right_2023_05_14_13_49_40_541.jpg,0,0.9306013,0,30.16243
.\IMG\center_2023_05_14_13_49_40_614.jpg,.\IMG\left_2023_05_14_13_49_40_614.jpg,.\IMG\right_2023_05_14_13_49_40_614.jpg,0,0.6979874,0,30.11318
.\IMG\center_2023_05_14_13_49_40_686.jpg,.\IMG\left_2023_05_14_13_49_40_686.jpg,.\IMG\right_2023_05_14_13_49_40_686.jpg,0,0.4627451,0,30.05941
.\IMG\center_2023_05_14_13_49_40_759.jpg,.\IMG\left_2023_05_14_13_49_40_759.jpg,.\IMG\right_2023_05_14_13_49_40_759.jpg,0,0.2649368,0,30.01646
.\IMG\center_2023_05_14_13_49_40_832.jpg,.\IMG\left_2023_05_14_13_49_40_832.jpg,.\IMG\right_2023_05_14_13_49_40_832.jpg,0,0.04387428,0,29.91995
.\IMG\center_2023_05_14_13_49_40_905.jpg,.\IMG\left_2023_05_14_13_49_40_905.jpg,.\IMG\right_2023_05_14_13_49_40_905.jpg,0,0,0,29.68566
.\IMG\center_2023_05_14_13_49_40_977.jpg,.\IMG\left_2023_05_14_13_49_40_977.jpg,.\IMG\right_2023_05_14_13_49_40_977.jpg,0,0,0,29.50573
.\IMG\center_2023_05_14_13_49_41_045.jpg,.\IMG\left_2023_05_14_13_49_41_045.jpg,.\IMG\right_2023_05_14_13_49_41_045.jpg,0.05,0,0,29.26652
.\IMG\center_2023_05_14_13_49_41_113.jpg,.\IMG\left_2023_05_14_13_49_41_113.jpg,.\IMG\right_2023_05_14_13_49_41_113.jpg,0.2,0,0,29.07031
.\IMG\center_2023_05_14_13_49_41_182.jpg,.\IMG\left_2023_05_14_13_49_41_182.jpg,.\IMG\right_2023_05_14_13_49_41_182.jpg,0.35,0,0,28.83421
.\IMG\center_2023_05_14_13_49_41_255.jpg,.\IMG\left_2023_05_14_13_49_41_255.jpg,.\IMG\right_2023_05_14_13_49_41_255.jpg,0.5500001,0,0,28.44641
.\IMG\center_2023_05_14_13_49_41_327.jpg,.\IMG\left_2023_05_14_13_49_41_327.jpg,.\IMG\right_2023_05_14_13_49_41_327.jpg,0,0,0,28.1863
.\IMG\center_2023_05_14_13_49_41_395.jpg,.\IMG\left_2023_05_14_13_49_41_395.jpg,.\IMG\right_2023_05_14_13_49_41_395.jpg,0,0,0,28.00933
.\IMG\center_2023_05_14_13_49_41_464.jpg,.\IMG\left_2023_05_14_13_49_41_464.jpg,.\IMG\right_2023_05_14_13_49_41_464.jpg,0,0,0,27.83748
.\IMG\center_2023_05_14_13_49_41_533.jpg,.\IMG\left_2023_05_14_13_49_41_533.jpg,.\IMG\right_2023_05_14_13_49_41_533.jpg,0,0,0,27.61204
.\IMG\center_2023_05_14_13_49_41_600.jpg,.\IMG\left_2023_05_14_13_49_41_600.jpg,.\IMG\right_2023_05_14_13_49_41_600.jpg,0,0,0,27.44532
.\IMG\center_2023_05_14_13_49_41_668.jpg,.\IMG\left_2023_05_14_13_49_41_668.jpg,.\IMG\right_2023_05_14_13_49_41_668.jpg,0,0,0,27.22504
.\IMG\center_2023_05_14_13_49_41_737.jpg,.\IMG\left_2023_05_14_13_49_41_737.jpg,.\IMG\right_2023_05_14_13_49_41_737.jpg,0,0,0,27.061
.\IMG\center_2023_05_14_13_49_41_806.jpg,.\IMG\left_2023_05_14_13_49_41_806.jpg,.\IMG\right_2023_05_14_13_49_41_806.jpg,0,0,0,26.84427
.\IMG\center_2023_05_14_13_49_41_875.jpg,.\IMG\left_2023_05_14_13_49_41_875.jpg,.\IMG\right_2023_05_14_13_49_41_875.jpg,0,0.0589161,0,26.68318
.\IMG\center_2023_05_14_13_49_41_944.jpg,.\IMG\left_2023_05_14_13_49_41_944.jpg,.\IMG\right_2023_05_14_13_49_41_944.jpg,0,0.243171,0,26.62842
.\IMG\center_2023_05_14_13_49_42_012.jpg,.\IMG\left_2023_05_14_13_49_42_012.jpg,.\IMG\right_2023_05_14_13_49_42_012.jpg,0,0.4712436,0,26.75602
.\IMG\center_2023_05_14_13_49_42_080.jpg,.\IMG\left_2023_05_14_13_49_42_080.jpg,.\IMG\right_2023_05_14_13_49_42_080.jpg,0,0.6552939,0,27.00143
.\IMG\center_2023_05_14_13_49_42_149.jpg,.\IMG\left_2023_05_14_13_49_42_149.jpg,.\IMG\right_2023_05_14_13_49_42_149.jpg,0,0.4108939,0,27.3169
.\IMG\center_2023_05_14_13_49_42_217.jpg,.\IMG\left_2023_05_14_13_49_42_217.jpg,.\IMG\right_2023_05_14_13_49_42_217.jpg,0,0.2265031,0,27.39897
.\IMG\center_2023_05_14_13_49_42_286.jpg,.\IMG\left_2023_05_14_13_49_42_286.jpg,.\IMG\right_2023_05_14_13_49_42_286.jpg,0,0,0,27.29556
.\IMG\center_2023_05_14_13_49_42_355.jpg,.\IMG\left_2023_05_14_13_49_42_355.jpg,.\IMG\right_2023_05_14_13_49_42_355.jpg,0,0,0,27.12823
.\IMG\center_2023_05_14_13_49_42_427.jpg,.\IMG\left_2023_05_14_13_49_42_427.jpg,.\IMG\right_2023_05_14_13_49_42_427.jpg,-0.2,0,0,26.89161
.\IMG\center_2023_05_14_13_49_42_497.jpg,.\IMG\left_2023_05_14_13_49_42_497.jpg,.\IMG\right_2023_05_14_13_49_42_497.jpg,-0.35,0,0,26.67148
.\IMG\center_2023_05_14_13_49_42_568.jpg,.\IMG\left_2023_05_14_13_49_42_568.jpg,.\IMG\right_2023_05_14_13_49_42_568.jpg,-0.5500001,0,0,26.30857
.\IMG\center_2023_05_14_13_49_42_638.jpg,.\IMG\left_2023_05_14_13_49_42_638.jpg,.\IMG\right_2023_05_14_13_49_42_638.jpg,-0.7,0,0,25.985
.\IMG\center_2023_05_14_13_49_42_710.jpg,.\IMG\left_2023_05_14_13_49_42_710.jpg,.\IMG\right_2023_05_14_13_49_42_710.jpg,0,0,0,25.71984
.\IMG\center_2023_05_14_13_49_42_782.jpg,.\IMG\left_2023_05_14_13_49_42_782.jpg,.\IMG\right_2023_05_14_13_49_42_782.jpg,0,0,0,25.5547
.\IMG\center_2023_05_14_13_49_42_854.jpg,.\IMG\left_2023_05_14_13_49_42_854.jpg,.\IMG\right_2023_05_14_13_49_42_854.jpg,0,0,0,25.34497
.\IMG\center_2023_05_14_13_49_42_925.jpg,.\IMG\left_2023_05_14_13_49_42_925.jpg,.\IMG\right_2023_05_14_13_49_42_925.jpg,0,0,0,25.14033
.\IMG\center_2023_05_14_13_49_42_995.jpg,.\IMG\left_2023_05_14_13_49_42_995.jpg,.\IMG\right_2023_05_14_13_49_42_995.jpg,0,0,0,24.98841
.\IMG\center_2023_05_14_13_49_43_065.jpg,.\IMG\left_2023_05_14_13_49_43_065.jpg,.\IMG\right_2023_05_14_13_49_43_065.jpg,0,0.0376899,0,24.78749
.\IMG\center_2023_05_14_13_49_43_135.jpg,.\IMG\left_2023_05_14_13_49_43_135.jpg,.\IMG\right_2023_05_14_13_49_43_135.jpg,0,0.2287704,0,24.73304
.\IMG\center_2023_05_14_13_49_43_202.jpg,.\IMG\left_2023_05_14_13_49_43_202.jpg,.\IMG\right_2023_05_14_13_49_43_202.jpg,0,0.4097919,0,24.80698
.\IMG\center_2023_05_14_13_49_43_271.jpg,.\IMG\left_2023_05_14_13_49_43_271.jpg,.\IMG\right_2023_05_14_13_49_43_271.jpg,0,0.5802681,0,25.11038
.\IMG\center_2023_05_14_13_49_43_341.jpg,.\IMG\left_2023_05_14_13_49_43_341.jpg,.\IMG\right_2023_05_14_13_49_43_341.jpg,0,0.400245,0,25.33055
.\IMG\center_2023_05_14_13_49_43_413.jpg,.\IMG\left_2023_05_14_13_49_43_413.jpg,.\IMG\right_2023_05_14_13_49_43_413.jpg,0,0.1719495,0,25.41138
.\IMG\center_2023_05_14_13_49_43_484.jpg,.\IMG\left_2023_05_14_13_49_43_484.jpg,.\IMG\right_2023_05_14_13_49_43_484.jpg,-0.1,0,0,25.32096
.\IMG\center_2023_05_14_13_49_43_558.jpg,.\IMG\left_2023_05_14_13_49_43_558.jpg,.\IMG\right_2023_05_14_13_49_43_558.jpg,-0.3,0,0,25.06793
.\IMG\center_2023_05_14_13_49_43_628.jpg,.\IMG\left_2023_05_14_13_49_43_628.jpg,.\IMG\right_2023_05_14_13_49_43_628.jpg,-0.5000001,0,0,24.74405
.\IMG\center_2023_05_14_13_49_43_696.jpg,.\IMG\left_2023_05_14_13_49_43_696.jpg,.\IMG\right_2023_05_14_13_49_43_696.jpg,0,0,0,24.57323
.\IMG\center_2023_05_14_13_49_43_768.jpg,.\IMG\left_2023_05_14_13_49_43_768.jpg,.\IMG\right_2023_05_14_13_49_43_768.jpg,0,0,0,24.36841
.\IMG\center_2023_05_14_13_49_43_838.jpg,.\IMG\left_2023_05_14_13_49_43_838.jpg,.\IMG\right_2023_05_14_13_49_43_838.jpg,0,0.0559995,0,24.21981
.\IMG\center_2023_05_14_13_49_43_907.jpg,.\IMG\left_2023_05_14_13_49_43_907.jpg,.\IMG\right_2023_05_14_13_49_43_907.jpg,0,0.3002187,0,24.1948
.\IMG\center_2023_05_14_13_49_43_975.jpg,.\IMG\left_2023_05_14_13_49_43_975.jpg,.\IMG\right_2023_05_14_13_49_43_975.jpg,0,0.4860591,0,24.33401
.\IMG\center_2023_05_14_13_49_44_042.jpg,.\IMG\left_2023_05_14_13_49_44_042.jpg,.\IMG\right_2023_05_14_13_49_44_042.jpg,0,0.667587,0,24.59912
.\IMG\center_2023_05_14_13_49_44_110.jpg,.\IMG\left_2023_05_14_13_49_44_110.jpg,.\IMG\right_2023_05_14_13_49_44_110.jpg,0,0.9090251,0,25.16026
.\IMG\center_2023_05_14_13_49_44_179.jpg,.\IMG\left_2023_05_14_13_49_44_179.jpg,.\IMG\right_2023_05_14_13_49_44_179.jpg,0,1,0,25.71596
.\IMG\center_2023_05_14_13_49_44_248.jpg,.\IMG\left_2023_05_14_13_49_44_248.jpg,.\IMG\right_2023_05_14_13_49_44_248.jpg,0,1,0,26.47587
.\IMG\center_2023_05_14_13_49_44_317.jpg,.\IMG\left_2023_05_14_13_49_44_317.jpg,.\IMG\right_2023_05_14_13_49_44_317.jpg,0,1,0,27.04216
.\IMG\center_2023_05_14_13_49_44_385.jpg,.\IMG\left_2023_05_14_13_49_44_385.jpg,.\IMG\right_2023_05_14_13_49_44_385.jpg,-0.05,1,0,27.79142
.\IMG\center_2023_05_14_13_49_44_456.jpg,.\IMG\left_2023_05_14_13_49_44_456.jpg,.\IMG\right_2023_05_14_13_49_44_456.jpg,-0.2,0.8276991,0,28.28926
.\IMG\center_2023_05_14_13_49_44_523.jpg,.\IMG\left_2023_05_14_13_49_44_523.jpg,.\IMG\right_2023_05_14_13_49_44_523.jpg,-0.35,0.6621888,0,28.60827
.\IMG\center_2023_05_14_13_49_44_591.jpg,.\IMG\left_2023_05_14_13_49_44_591.jpg,.\IMG\right_2023_05_14_13_49_44_591.jpg,-0.5500001,0.422382,0,28.75409
.\IMG\center_2023_05_14_13_49_44_658.jpg,.\IMG\left_2023_05_14_13_49_44_658.jpg,.\IMG\right_2023_05_14_13_49_44_658.jpg,0,0.2385801,0,28.79949
.\IMG\center_2023_05_14_13_49_44_729.jpg,.\IMG\left_2023_05_14_13_49_44_729.jpg,.\IMG\right_2023_05_14_13_49_44_729.jpg,0,0,0,28.68205
.\IMG\center_2023_05_14_13_49_44_795.jpg,.\IMG\left_2023_05_14_13_49_44_795.jpg,.\IMG\right_2023_05_14_13_49_44_795.jpg,0,0,0,28.50389
.\IMG\center_2023_05_14_13_49_44_865.jpg,.\IMG\left_2023_05_14_13_49_44_865.jpg,.\IMG\right_2023_05_14_13_49_44_865.jpg,0,0,0,28.27427
.\IMG\center_2023_05_14_13_49_44_937.jpg,.\IMG\left_2023_05_14_13_49_44_937.jpg,.\IMG\right_2023_05_14_13_49_44_937.jpg,-0.05,0,0,28.10322
.\IMG\center_2023_05_14_13_49_45_007.jpg,.\IMG\left_2023_05_14_13_49_45_007.jpg,.\IMG\right_2023_05_14_13_49_45_007.jpg,-0.25,0,0,27.84868
.\IMG\center_2023_05_14_13_49_45_080.jpg,.\IMG\left_2023_05_14_13_49_45_080.jpg,.\IMG\right_2023_05_14_13_49_45_080.jpg,-0.4,0,0,27.60927
.\IMG\center_2023_05_14_13_49_45_151.jpg,.\IMG\left_2023_05_14_13_49_45_151.jpg,.\IMG\right_2023_05_14_13_49_45_151.jpg,0,0,0,27.33801
.\IMG\center_2023_05_14_13_49_45_223.jpg,.\IMG\left_2023_05_14_13_49_45_223.jpg,.\IMG\right_2023_05_14_13_49_45_223.jpg,0,0,0,27.16896
.\IMG\center_2023_05_14_13_49_45_291.jpg,.\IMG\left_2023_05_14_13_49_45_291.jpg,.\IMG\right_2023_05_14_13_49_45_291.jpg,0,0.1722009,0,27.00155
.\IMG\center_2023_05_14_13_49_45_361.jpg,.\IMG\left_2023_05_14_13_49_45_361.jpg,.\IMG\right_2023_05_14_13_49_45_361.jpg,0,0.3594036,0,27.02287
.\IMG\center_2023_05_14_13_49_45_430.jpg,.\IMG\left_2023_05_14_13_49_45_430.jpg,.\IMG\right_2023_05_14_13_49_45_430.jpg,0,0.561461,0,27.26184
.\IMG\center_2023_05_14_13_49_45_501.jpg,.\IMG\left_2023_05_14_13_49_45_501.jpg,.\IMG\right_2023_05_14_13_49_45_501.jpg,0,0.3817325,0,27.45565
.\IMG\center_2023_05_14_13_49_45_574.jpg,.\IMG\left_2023_05_14_13_49_45_574.jpg,.\IMG\right_2023_05_14_13_49_45_574.jpg,0,0.1469911,0,27.50132
.\IMG\center_2023_05_14_13_49_45_641.jpg,.\IMG\left_2023_05_14_13_49_45_641.jpg,.\IMG\right_2023_05_14_13_49_45_641.jpg,0,0,0,27.38595
.\IMG\center_2023_05_14_13_49_45_710.jpg,.\IMG\left_2023_05_14_13_49_45_710.jpg,.\IMG\right_2023_05_14_13_49_45_710.jpg,0,0,0,27.16451
.\IMG\center_2023_05_14_13_49_45_780.jpg,.\IMG\left_2023_05_14_13_49_45_780.jpg,.\IMG\right_2023_05_14_13_49_45_780.jpg,0,0.1398048,0,27.02965
.\IMG\center_2023_05_14_13_49_45_848.jpg,.\IMG\left_2023_05_14_13_49_45_848.jpg,.\IMG\right_2023_05_14_13_49_45_848.jpg,0,0.3798423,0,27.04818
.\IMG\center_2023_05_14_13_49_45_918.jpg,.\IMG\left_2023_05_14_13_49_45_918.jpg,.\IMG\right_2023_05_14_13_49_45_918.jpg,0,0.5523263,0,27.22066
.\IMG\center_2023_05_14_13_49_45_985.jpg,.\IMG\left_2023_05_14_13_49_45_985.jpg,.\IMG\right_2023_05_14_13_49_45_985.jpg,0,0.4492983,0,27.54143
.\IMG\center_2023_05_14_13_49_46_057.jpg,.\IMG\left_2023_05_14_13_49_46_057.jpg,.\IMG\right_2023_05_14_13_49_46_057.jpg,-0.15,0.2719938,0,27.63525
.\IMG\center_2023_05_14_13_49_46_131.jpg,.\IMG\left_2023_05_14_13_49_46_131.jpg,.\IMG\right_2023_05_14_13_49_46_131.jpg,-0.35,0.014886,0,27.49133
.\IMG\center_2023_05_14_13_49_46_199.jpg,.\IMG\left_2023_05_14_13_49_46_199.jpg,.\IMG\right_2023_05_14_13_49_46_199.jpg,0,0,0,27.25129
.\IMG\center_2023_05_14_13_49_46_272.jpg,.\IMG\left_2023_05_14_13_49_46_272.jpg,.\IMG\right_2023_05_14_13_49_46_272.jpg,0,0,0,27.02246
.\IMG\center_2023_05_14_13_49_46_341.jpg,.\IMG\left_2023_05_14_13_49_46_341.jpg,.\IMG\right_2023_05_14_13_49_46_341.jpg,0,0,0,26.85727
.\IMG\center_2023_05_14_13_49_46_409.jpg,.\IMG\left_2023_05_14_13_49_46_409.jpg,.\IMG\right_2023_05_14_13_49_46_409.jpg,0,0.0755952,0,26.64782
.\IMG\center_2023_05_14_13_49_46_479.jpg,.\IMG\left_2023_05_14_13_49_46_479.jpg,.\IMG\right_2023_05_14_13_49_46_479.jpg,0,0.2486739,0,26.59875
.\IMG\center_2023_05_14_13_49_46_549.jpg,.\IMG\left_2023_05_14_13_49_46_549.jpg,.\IMG\right_2023_05_14_13_49_46_549.jpg,0,0.4947876,0,26.73275
.\IMG\center_2023_05_14_13_49_46_617.jpg,.\IMG\left_2023_05_14_13_49_46_617.jpg,.\IMG\right_2023_05_14_13_49_46_617.jpg,0,0.6279505,0,26.99073
.\IMG\center_2023_05_14_13_49_46_684.jpg,.\IMG\left_2023_05_14_13_49_46_684.jpg,.\IMG\right_2023_05_14_13_49_46_684.jpg,0,0.3874654,0,27.27135
.\IMG\center_2023_05_14_13_49_46_753.jpg,.\IMG\left_2023_05_14_13_49_46_753.jpg,.\IMG\right_2023_05_14_13_49_46_753.jpg,0,0.1996729,0,27.33004
.\IMG\center_2023_05_14_13_49_46_822.jpg,.\IMG\left_2023_05_14_13_49_46_822.jpg,.\IMG\right_2023_05_14_13_49_46_822.jpg,0,0.02771144,0,27.25245
.\IMG\center_2023_05_14_13_49_46_890.jpg,.\IMG\left_2023_05_14_13_49_46_890.jpg,.\IMG\right_2023_05_14_13_49_46_890.jpg,0,0.1870656,0,27.08607
.\IMG\center_2023_05_14_13_49_46_962.jpg,.\IMG\left_2023_05_14_13_49_46_962.jpg,.\IMG\right_2023_05_14_13_49_46_962.jpg,0,0.3506643,0,27.11431
.\IMG\center_2023_05_14_13_49_47_033.jpg,.\IMG\left_2023_05_14_13_49_47_033.jpg,.\IMG\right_2023_05_14_13_49_47_033.jpg,0,0.5978287,0,27.35197
.\IMG\center_2023_05_14_13_49_47_101.jpg,.\IMG\left_2023_05_14_13_49_47_101.jpg,.\IMG\right_2023_05_14_13_49_47_101.jpg,0,0.7848256,0,27.67629
.\IMG\center_2023_05_14_13_49_47_170.jpg,.\IMG\left_2023_05_14_13_49_47_170.jpg,.\IMG\right_2023_05_14_13_49_47_170.jpg,-0.1,1,0,28.31045
.\IMG\center_2023_05_14_13_49_47_242.jpg,.\IMG\left_2023_05_14_13_49_47_242.jpg,.\IMG\right_2023_05_14_13_49_47_242.jpg,-0.25,1,0,28.83755
.\IMG\center_2023_05_14_13_49_47_309.jpg,.\IMG\left_2023_05_14_13_49_47_309.jpg,.\IMG\right_2023_05_14_13_49_47_309.jpg,0,1,0,29.48938
.\IMG\center_2023_05_14_13_49_47_380.jpg,.\IMG\left_2023_05_14_13_49_47_380.jpg,.\IMG\right_2023_05_14_13_49_47_380.jpg,0,1,0,30.03211
.\IMG\center_2023_05_14_13_49_47_453.jpg,.\IMG\left_2023_05_14_13_49_47_453.jpg,.\IMG\right_2023_05_14_13_49_47_453.jpg,-0.05,1,0,30.19058
.\IMG\center_2023_05_14_13_49_47_523.jpg,.\IMG\left_2023_05_14_13_49_47_523.jpg,.\IMG\right_2023_05_14_13_49_47_523.jpg,-0.2,1,0,30.18292
.\IMG\center_2023_05_14_13_49_47_592.jpg,.\IMG\left_2023_05_14_13_49_47_592.jpg,.\IMG\right_2023_05_14_13_49_47_592.jpg,-0.4,1,0,30.16044
.\IMG\center_2023_05_14_13_49_47_661.jpg,.\IMG\left_2023_05_14_13_49_47_661.jpg,.\IMG\right_2023_05_14_13_49_47_661.jpg,0,1,0,30.18742
.\IMG\center_2023_05_14_13_49_47_732.jpg,.\IMG\left_2023_05_14_13_49_47_732.jpg,.\IMG\right_2023_05_14_13_49_47_732.jpg,0,1,0,30.18982
.\IMG\center_2023_05_14_13_49_47_802.jpg,.\IMG\left_2023_05_14_13_49_47_802.jpg,.\IMG\right_2023_05_14_13_49_47_802.jpg,-0.1,1,0,30.18951
.\IMG\center_2023_05_14_13_49_47_873.jpg,.\IMG\left_2023_05_14_13_49_47_873.jpg,.\IMG\right_2023_05_14_13_49_47_873.jpg,-0.3,1,0,30.17227
.\IMG\center_2023_05_14_13_49_47_941.jpg,.\IMG\left_2023_05_14_13_49_47_941.jpg,.\IMG\right_2023_05_14_13_49_47_941.jpg,0,1,0,30.18899
.\IMG\center_2023_05_14_13_49_48_010.jpg,.\IMG\left_2023_05_14_13_49_48_010.jpg,.\IMG\right_2023_05_14_13_49_48_010.jpg,0,1,0,30.19006
.\IMG\center_2023_05_14_13_49_48_081.jpg,.\IMG\left_2023_05_14_13_49_48_081.jpg,.\IMG\right_2023_05_14_13_49_48_081.jpg,0,0.9196207,0,30.18383
.\IMG\center_2023_05_14_13_49_48_150.jpg,.\IMG\left_2023_05_14_13_49_48_150.jpg,.\IMG\right_2023_05_14_13_49_48_150.jpg,0,0.6765739,0,30.12391
.\IMG\center_2023_05_14_13_49_48_219.jpg,.\IMG\left_2023_05_14_13_49_48_219.jpg,.\IMG\right_2023_05_14_13_49_48_219.jpg,0,0.5061703,0,30.0784
.\IMG\center_2023_05_14_13_49_48_289.jpg,.\IMG\left_2023_05_14_13_49_48_289.jpg,.\IMG\right_2023_05_14_13_49_48_289.jpg,0,0.2613775,0,30.01233
.\IMG\center_2023_05_14_13_49_48_359.jpg,.\IMG\left_2023_05_14_13_49_48_359.jpg,.\IMG\right_2023_05_14_13_49_48_359.jpg,0,0.0824614,0,29.95411
.\IMG\center_2023_05_14_13_49_48_453.jpg,.\IMG\left_2023_05_14_13_49_48_453.jpg,.\IMG\right_2023_05_14_13_49_48_453.jpg,0,0,0,28.27894
